{
    "19TEJ/19TEK/2022/6/3": {
        "combo": [
            "19TEJ",
            "19TEK"
        ],
        "year": 2022,
        "month": 6,
        "day": "3",
        "score": 99.476933
    },
    "19TEJ/19TEK/2022/6/5": {
        "combo": [
            "19TEJ",
            "19TEK"
        ],
        "year": 2022,
        "month": 6,
        "day": "5",
        "score": 74.47006400000001
    },
    "19TEJ/19TEK/2022/6/8": {
        "combo": [
            "19TEJ",
            "19TEK"
        ],
        "year": 2022,
        "month": 6,
        "day": "8",
        "score": 101.397342
    },
    "19TEJ/19TEK/2022/6/10": {
        "combo": [
            "19TEJ",
            "19TEK"
        ],
        "year": 2022,
        "month": 6,
        "day": "10",
        "score": 50.940174
    },
    "19TEJ/19TEK/2022/6/13": {
        "combo": [
            "19TEJ",
            "19TEK"
        ],
        "year": 2022,
        "month": 6,
        "day": "13",
        "score": 101.624318
    },
    "19TEJ/19TEK/2022/6/15": {
        "combo": [
            "19TEJ",
            "19TEK"
        ],
        "year": 2022,
        "month": 6,
        "day": "15",
        "score": 36.725787
    },
    "19TEJ/19TEK/2022/6/18": {
        "combo": [
            "19TEJ",
            "19TEK"
        ],
        "year": 2022,
        "month": 6,
        "day": "18",
        "score": 97.109893
    },
    "19TEJ/19TEK/2022/6/20": {
        "combo": [
            "19TEJ",
            "19TEK"
        ],
        "year": 2022,
        "month": 6,
        "day": "20",
        "score": 104.319632
    },
    "19TEJ/19TEK/2022/6/23": {
        "combo": [
            "19TEJ",
            "19TEK"
        ],
        "year": 2022,
        "month": 6,
        "day": "23",
        "score": 29.547418
    },
    "19TEJ/19TEK/2022/6/25": {
        "combo": [
            "19TEJ",
            "19TEK"
        ],
        "year": 2022,
        "month": 6,
        "day": "25",
        "score": 32.821777
    },
    "19TEJ/19TEK/2022/6/28": {
        "combo": [
            "19TEJ",
            "19TEK"
        ],
        "year": 2022,
        "month": 6,
        "day": "28",
        "score": 32.897988000000005
    }
}